,id,group,query
0,object_identifiedby_title,Object,?x <http://erlangen-crm.org/170309/P1_is_identified_by> ?y1 . ?y1 rdf:type <http://erlangen-crm.org/170309/E35_Title> . ?y1 <http://erlangen-crm.org/170309/P3_has_note> ?object_identifiedby_title
1,object_has_description,Object,?x <http://erlangen-crm.org/170309/P2_has_type> ?y2 . ?y2 rdf:type <http://visit.de/ontologies/vismo/Description> . ?y2 <http://erlangen-crm.org/170309/P3_has_note> ?object_has_description
2,object_exemplifies_function,Object,?x <http://erlangen-crm.org/170309/P137_exemplifies> ?y3 . ?y3 rdf:type <http://visit.de/ontologies/vismo/Function> . ?y3 <http://erlangen-crm.org/170309/P3_has_note> ?object_exemplifies_function
3,object_inventory_number,Object,?x <http://erlangen-crm.org/170309/P48_has_preferred_identifier> ?y4 . ?y4 rdf:type <http://erlangen-crm.org/170309/E42_Identifier> . ?y4 <http://erlangen-crm.org/170309/P3_has_note> ?object_inventory_number
4,object_description,Object,?x <http://visit.de/ontologies/vismo/description> ?object_description
5,object_comment,Object,?x <http://visit.de/ontologies/vismo/comment> ?object_comment
6,object_keyword,Object,?x <http://visit.de/ontologies/vismo/keyword> ?object_keyword
7,object_iconography,Object,?x <http://visit.de/ontologies/vismo/iconography> ?object_iconography
8,object_literature,Object,?x <http://visit.de/ontologies/vismo/literature> ?object_literature
9,object_current_owner,Object,?x <http://erlangen-crm.org/170309/P52_has_current_owner> ?object_current_owner . ?object_current_owner rdf:type <http://visit.de/ontologies/vismo/Institution>
10,object_current_location,Object,?x <http://erlangen-crm.org/170309/P55_has_current_location> ?object_current_location . ?object_current_location rdf:type <http://visit.de/ontologies/vismo/Institution>
11,object_currentlocation_arch,Object,?x <http://erlangen-crm.org/170309/P55_has_current_location> ?object_currentlocation_arch . ?object_currentlocation_arch rdf:type <http://visit.de/ontologies/vismo/Architecture>
12,object_composedof_object,Object,?x <http://erlangen-crm.org/170309/P46_is_composed_of> ?object_composedof_object . ?object_composedof_object rdf:type <http://visit.de/ontologies/vismo/Object>
13,object_partof_object,Object,?x <http://erlangen-crm.org/170309/P46i_forms_part_of> ?object_partof_object . ?object_partof_object rdf:type <http://visit.de/ontologies/vismo/Object>
14,object_tookpartin_activity,Object,?x <http://erlangen-crm.org/170309/P16i_was_used_for> ?object_tookpartin_activity . ?object_tookpartin_activity rdf:type <http://visit.de/ontologies/vismo/Activity>
15,object_depicts_person,Object,?x <http://erlangen-crm.org/170309/P62_depicts> ?object_depicts_person . ?object_depicts_person rdf:type <http://visit.de/ontologies/vismo/Person>
16,object_depicts_architecture,Object,?x <http://erlangen-crm.org/170309/P62_depicts> ?object_depicts_architecture . ?object_depicts_architecture rdf:type <http://visit.de/ontologies/vismo/Architecture>
17,object_depicts_place,Object,?x <http://erlangen-crm.org/170309/P62_depicts> ?object_depicts_place . ?object_depicts_place rdf:type <http://visit.de/ontologies/vismo/Place>
18,object_depicts_activity,Object,?x <http://erlangen-crm.org/170309/P62_depicts> ?object_depicts_activity . ?object_depicts_activity rdf:type <http://visit.de/ontologies/vismo/Activity>
19,object_helpfullinks,Object,?x <http://visit.de/ontologies/vismo/helpfulLinks> ?object_helpfullinks
20,object_thumbnail,Object,?x <http://visit.de/ontologies/vismo/thumbnail> ?object_thumbnail
21,inscription_text,object_prefidentifier_inscriptio,?x <http://erlangen-crm.org/170309/P128_carries> ?y1 . ?y1 rdf:type <http://erlangen-crm.org/170309/E34_Inscription> . ?y1 <http://erlangen-crm.org/170309/P3_has_note> ?inscription_text
22,inscription_has_type,object_prefidentifier_inscriptio,?x <http://erlangen-crm.org/170309/P128_carries> ?y2 . ?y2 rdf:type <http://erlangen-crm.org/170309/E34_Inscription> . ?y2 <http://erlangen-crm.org/170309/P2_has_type> ?y3 . ?y3 rdf:type <http://erlangen-crm.org/170309/E55_Type> . ?y3 <http://erlangen-crm.org/170309/P3_has_note> ?inscription_has_type
23,inscription_signature,object_prefidentifier_inscriptio,?x <http://erlangen-crm.org/170309/P128_carries> ?y4 . ?y4 rdf:type <http://erlangen-crm.org/170309/E34_Inscription> . ?y4 <http://erlangen-crm.org/170309/P106_is_composed_of> ?y5 . ?y5 rdf:type <http://erlangen-crm.org/170309/E37_Mark> . ?y5 <http://erlangen-crm.org/170309/P3_has_note> ?inscription_signature
24,inscription_mounting,object_prefidentifier_inscriptio,?x <http://erlangen-crm.org/170309/P128_carries> ?y6 . ?y6 rdf:type <http://erlangen-crm.org/170309/E34_Inscription> . ?y6 <http://erlangen-crm.org/170309/P106_is_composed_of> ?y7 . ?y7 rdf:type <http://erlangen-crm.org/170309/E37_Mark> . ?y7 <http://erlangen-crm.org/170309/P2_has_type> ?y8 . ?y8 rdf:type <http://erlangen-crm.org/170309/E55_Type> . ?y8 <http://erlangen-crm.org/170309/P3_has_note> ?inscription_mounting
25,inscription_date,object_prefidentifier_inscriptio,?x <http://erlangen-crm.org/170309/P128_carries> ?y9 . ?y9 rdf:type <http://erlangen-crm.org/170309/E34_Inscription> . ?y9 <http://erlangen-crm.org/170309/P92i_was_brought_into_existence_by> ?y10 . ?y10 rdf:type <http://erlangen-crm.org/170309/E65_Creation> . ?y10 <http://erlangen-crm.org/170309/P3_has_note> ?inscription_date
26,object_employs_material,object_producedby_production,?x <http://erlangen-crm.org/170309/P108i_was_produced_by> ?y1 . ?y1 rdf:type <http://erlangen-crm.org/170309/E12_Production> . ?y1 <http://erlangen-crm.org/170309/P126_employed> ?y2 . ?y2 rdf:type <http://erlangen-crm.org/170309/E57_Material> . ?y2 <http://erlangen-crm.org/170309/P3_has_note> ?object_employs_material
27,production_used_technique,object_producedby_production,?x <http://erlangen-crm.org/170309/P108i_was_produced_by> ?y3 . ?y3 rdf:type <http://erlangen-crm.org/170309/E12_Production> . ?y3 <http://erlangen-crm.org/170309/P32_used_general_technique> ?y4 . ?y4 rdf:type <http://visit.de/ontologies/vismo/Technique> . ?y4 <http://erlangen-crm.org/170309/P3_has_note> ?production_used_technique
28,production_doneby_person,object_producedby_production,?x <http://erlangen-crm.org/170309/P108i_was_produced_by> ?y5 . ?y5 rdf:type <http://erlangen-crm.org/170309/E12_Production> . ?y5 <http://erlangen-crm.org/170309/P14_carried_out_by> ?production_doneby_person . ?production_doneby_person rdf:type <http://visit.de/ontologies/vismo/Person>
29,production_doneby_group,object_producedby_production,?x <http://erlangen-crm.org/170309/P108i_was_produced_by> ?y6 . ?y6 rdf:type <http://erlangen-crm.org/170309/E12_Production> . ?y6 <http://erlangen-crm.org/170309/P14_carried_out_by> ?production_doneby_group . ?production_doneby_group rdf:type <http://visit.de/ontologies/vismo/Group>
30,production_tookplaceat_place,object_producedby_production,?x <http://erlangen-crm.org/170309/P108i_was_produced_by> ?y7 . ?y7 rdf:type <http://erlangen-crm.org/170309/E12_Production> . ?y7 <http://erlangen-crm.org/170309/P7_took_place_at> ?production_tookplaceat_place . ?production_tookplaceat_place rdf:type <http://visit.de/ontologies/vismo/Place>
31,object_prod_dating_start,production_dating,?x <http://erlangen-crm.org/170309/P108i_was_produced_by> ?y1 . ?y1 rdf:type <http://erlangen-crm.org/170309/E12_Production> . ?y1 <http://erlangen-crm.org/170309/P160_has_temporal_projection> ?y2 . ?y2 rdf:type <http://visit.de/ontologies/vismo/Dating> . ?y2 <http://erlangen-crm.org/170309/P79_beginning_is_qualified_by> ?object_prod_dating_start
32,object_prod_dating_end,production_dating,?x <http://erlangen-crm.org/170309/P108i_was_produced_by> ?y3 . ?y3 rdf:type <http://erlangen-crm.org/170309/E12_Production> . ?y3 <http://erlangen-crm.org/170309/P160_has_temporal_projection> ?y4 . ?y4 rdf:type <http://visit.de/ontologies/vismo/Dating> . ?y4 <http://erlangen-crm.org/170309/P80_end_is_qualified_by> ?object_prod_dating_end
33,production_date_sometime,production_dating,?x <http://erlangen-crm.org/170309/P108i_was_produced_by> ?y5 . ?y5 rdf:type <http://erlangen-crm.org/170309/E12_Production> . ?y5 <http://erlangen-crm.org/170309/P160_has_temporal_projection> ?y6 . ?y6 rdf:type <http://visit.de/ontologies/vismo/Dating> . ?y6 <http://erlangen-crm.org/170309/P82_at_some_time_within> ?production_date_sometime
34,object_prod_dating_century,production_dating,?x <http://erlangen-crm.org/170309/P108i_was_produced_by> ?y7 . ?y7 rdf:type <http://erlangen-crm.org/170309/E12_Production> . ?y7 <http://erlangen-crm.org/170309/P160_has_temporal_projection> ?y8 . ?y8 rdf:type <http://visit.de/ontologies/vismo/Dating> . ?y8 <http://erlangen-crm.org/170309/P81_ongoing_throughout> ?object_prod_dating_century
35,dimension_has_measurementunit,object_has_dimension,?x <http://erlangen-crm.org/170309/P43_has_dimension> ?y1 . ?y1 rdf:type <http://erlangen-crm.org/170309/E54_Dimension> . ?y1 <http://erlangen-crm.org/170309/P91_has_unit> ?y2 . ?y2 rdf:type <http://erlangen-crm.org/170309/E58_Measurement_Unit> . ?y2 <http://erlangen-crm.org/170309/P3_has_note> ?dimension_has_measurementunit
36,dimension_hasvalue,object_has_dimension,?x <http://erlangen-crm.org/170309/P43_has_dimension> ?y3 . ?y3 rdf:type <http://erlangen-crm.org/170309/E54_Dimension> . ?y3 <http://erlangen-crm.org/170309/P90_has_value> ?dimension_hasvalue
37,custody_receiving_person,object_transferred_custody,?x <http://erlangen-crm.org/170309/P30i_custody_transferred_through> ?y1 . ?y1 rdf:type <http://erlangen-crm.org/170309/E10_Transfer_of_Custody> . ?y1 <http://erlangen-crm.org/170309/P29_custody_received_by> ?custody_receiving_person . ?custody_receiving_person rdf:type <http://visit.de/ontologies/vismo/Person>
38,custody_receiving_group,object_transferred_custody,?x <http://erlangen-crm.org/170309/P30i_custody_transferred_through> ?y2 . ?y2 rdf:type <http://erlangen-crm.org/170309/E10_Transfer_of_Custody> . ?y2 <http://erlangen-crm.org/170309/P29_custody_received_by> ?custody_receiving_group . ?custody_receiving_group rdf:type <http://visit.de/ontologies/vismo/Group>
39,custody_from_person,object_transferred_custody,?x <http://erlangen-crm.org/170309/P30i_custody_transferred_through> ?y3 . ?y3 rdf:type <http://erlangen-crm.org/170309/E10_Transfer_of_Custody> . ?y3 <http://erlangen-crm.org/170309/P28_custody_surrendered_by> ?custody_from_person . ?custody_from_person rdf:type <http://visit.de/ontologies/vismo/Person>
40,custody_from_group,object_transferred_custody,?x <http://erlangen-crm.org/170309/P30i_custody_transferred_through> ?y4 . ?y4 rdf:type <http://erlangen-crm.org/170309/E10_Transfer_of_Custody> . ?y4 <http://erlangen-crm.org/170309/P28_custody_surrendered_by> ?custody_from_group . ?custody_from_group rdf:type <http://visit.de/ontologies/vismo/Group>
41,object_toc_dating_exact,object_toc_dating,?x <http://erlangen-crm.org/170309/P30i_custody_transferred_through> ?y1 . ?y1 rdf:type <http://erlangen-crm.org/170309/E10_Transfer_of_Custody> . ?y1 <http://erlangen-crm.org/170309/P160_has_temporal_projection> ?y2 . ?y2 rdf:type <http://visit.de/ontologies/vismo/Dating> . ?y2 <http://erlangen-crm.org/170309/P3_has_note> ?object_toc_dating_exact
42,object_toc_dating_start,object_toc_dating,?x <http://erlangen-crm.org/170309/P30i_custody_transferred_through> ?y3 . ?y3 rdf:type <http://erlangen-crm.org/170309/E10_Transfer_of_Custody> . ?y3 <http://erlangen-crm.org/170309/P160_has_temporal_projection> ?y4 . ?y4 rdf:type <http://visit.de/ontologies/vismo/Dating> . ?y4 <http://erlangen-crm.org/170309/P79_beginning_is_qualified_by> ?object_toc_dating_start
43,object_toc_dating_end,object_toc_dating,?x <http://erlangen-crm.org/170309/P30i_custody_transferred_through> ?y5 . ?y5 rdf:type <http://erlangen-crm.org/170309/E10_Transfer_of_Custody> . ?y5 <http://erlangen-crm.org/170309/P160_has_temporal_projection> ?y6 . ?y6 rdf:type <http://visit.de/ontologies/vismo/Dating> . ?y6 <http://erlangen-crm.org/170309/P80_end_is_qualified_by> ?object_toc_dating_end
44,object_toc_dating_sometime,object_toc_dating,?x <http://erlangen-crm.org/170309/P30i_custody_transferred_through> ?y7 . ?y7 rdf:type <http://erlangen-crm.org/170309/E10_Transfer_of_Custody> . ?y7 <http://erlangen-crm.org/170309/P160_has_temporal_projection> ?y8 . ?y8 rdf:type <http://visit.de/ontologies/vismo/Dating> . ?y8 <http://erlangen-crm.org/170309/P82_at_some_time_within> ?object_toc_dating_sometime
45,object_toc_dating_century,object_toc_dating,?x <http://erlangen-crm.org/170309/P30i_custody_transferred_through> ?y9 . ?y9 rdf:type <http://erlangen-crm.org/170309/E10_Transfer_of_Custody> . ?y9 <http://erlangen-crm.org/170309/P160_has_temporal_projection> ?y10 . ?y10 rdf:type <http://visit.de/ontologies/vismo/Dating> . ?y10 <http://erlangen-crm.org/170309/P81_ongoing_throughout> ?object_toc_dating_century
46,object_dating_start,object_dating,?x <http://erlangen-crm.org/170309/P160_has_temporal_projection> ?y1 . ?y1 rdf:type <http://visit.de/ontologies/vismo/Dating> . ?y1 <http://erlangen-crm.org/170309/P79_beginning_is_qualified_by> ?object_dating_start
47,object_dating_end,object_dating,?x <http://erlangen-crm.org/170309/P160_has_temporal_projection> ?y2 . ?y2 rdf:type <http://visit.de/ontologies/vismo/Dating> . ?y2 <http://erlangen-crm.org/170309/P80_end_is_qualified_by> ?object_dating_end
48,object_dating_sometime,object_dating,?x <http://erlangen-crm.org/170309/P160_has_temporal_projection> ?y3 . ?y3 rdf:type <http://visit.de/ontologies/vismo/Dating> . ?y3 <http://erlangen-crm.org/170309/P82_at_some_time_within> ?object_dating_sometime
49,object_dating_century,object_dating,?x <http://erlangen-crm.org/170309/P160_has_temporal_projection> ?y4 . ?y4 rdf:type <http://visit.de/ontologies/vismo/Dating> . ?y4 <http://erlangen-crm.org/170309/P81_ongoing_throughout> ?object_dating_century
50,object_refentry_pages,object_refentry,?x <http://visit.de/ontologies/vismo/referencedByEntry> ?y1 . ?y1 rdf:type <http://visit.de/ontologies/vismo/ReferenceEntry> . ?y1 <http://visit.de/ontologies/vismo/entryPages> ?object_refentry_pages
51,object_refentry_in_reference,object_refentry,?x <http://visit.de/ontologies/vismo/referencedByEntry> ?y2 . ?y2 rdf:type <http://visit.de/ontologies/vismo/ReferenceEntry> . ?y2 <http://visit.de/ontologies/vismo/isEntryIn> ?object_refentry_in_reference . ?object_refentry_in_reference rdf:type <http://visit.de/ontologies/vismo/Reference>
52,object_dr_technicalmetadata,object_digitalrepresentation,?x <http://visit.de/ontologies/vismo/hasDigitalRepresentation> ?y1 . ?y1 rdf:type <http://visit.de/ontologies/vismo/DigitalRepresentation> . ?y1 <http://visit.de/ontologies/vismo/technicalMetadata> ?object_dr_technicalmetadata
53,person_idby_actorappel,Person,?x <http://erlangen-crm.org/170309/P1_is_identified_by> ?y1 . ?y1 rdf:type <http://erlangen-crm.org/170309/E82_Actor_Appellation> . ?y1 <http://erlangen-crm.org/170309/P3_has_note> ?person_idby_actorappel
54,person_hastype_profession,Person,?x <http://erlangen-crm.org/170309/P2_has_type> ?y2 . ?y2 rdf:type <http://visit.de/ontologies/vismo/Profession> . ?y2 <http://erlangen-crm.org/170309/P3_has_note> ?person_hastype_profession
55,person_firstname,Person,?x <http://xmlns.com/foaf/0.1/firstName> ?person_firstname
56,person_lastname,Person,?x <http://xmlns.com/foaf/0.1/lastName> ?person_lastname
57,person_pseudonym,Person,?x <http://xmlns.com/foaf/0.1/nick> ?person_pseudonym
58,person_alternatename,Person,?x <http://xmlns.com/foaf/0.1/name> ?person_alternatename
59,person_carries_title,Person,?x <http://erlangen-crm.org/170309/P128_carries> ?y7 . ?y7 rdf:type <http://erlangen-crm.org/170309/E35_Title> . ?y7 <http://erlangen-crm.org/170309/P3_has_note> ?person_carries_title
60,person_comment,Person,?x <http://visit.de/ontologies/vismo/comment> ?person_comment
61,person_description,Person,?x <http://visit.de/ontologies/vismo/description> ?person_description
62,person_keyword,Person,?x <http://visit.de/ontologies/vismo/keyword> ?person_keyword
63,person_iconography,Person,?x <http://visit.de/ontologies/vismo/iconography> ?person_iconography
64,person_parentof_person,Person,?x <http://erlangen-crm.org/170309/P152i_is_parent_of> ?person_parentof_person . ?person_parentof_person rdf:type <http://visit.de/ontologies/vismo/Person>
65,person_ischildof_person,Person,?x <http://erlangen-crm.org/170309/P152_has_parent> ?person_ischildof_person . ?person_ischildof_person rdf:type <http://visit.de/ontologies/vismo/Person>
66,person_ownerof_architecture,Person,?x <http://erlangen-crm.org/170309/P52i_is_current_owner_of> ?person_ownerof_architecture . ?person_ownerof_architecture rdf:type <http://visit.de/ontologies/vismo/Architecture>
67,person_motiv_arch_production,Person,?x <http://erlangen-crm.org/170309/P17i_motivated> ?y15 . ?y15 rdf:type <http://erlangen-crm.org/170309/E12_Production> . ?y15 <http://erlangen-crm.org/170309/P108_has_produced> ?person_motiv_arch_production . ?person_motiv_arch_production rdf:type <http://visit.de/ontologies/vismo/Architecture>
68,person_carriedout_arch_prod,Person,?x <http://erlangen-crm.org/170309/P14i_performed> ?y16 . ?y16 rdf:type <http://erlangen-crm.org/170309/E12_Production> . ?y16 <http://erlangen-crm.org/170309/P108_has_produced> ?person_carriedout_arch_prod . ?person_carriedout_arch_prod rdf:type <http://visit.de/ontologies/vismo/Architecture>
69,person_infld_arch_production,Person,?x <http://erlangen-crm.org/170309/P15i_influenced> ?y17 . ?y17 rdf:type <http://erlangen-crm.org/170309/E12_Production> . ?y17 <http://erlangen-crm.org/170309/P108_has_produced> ?person_infld_arch_production . ?person_infld_arch_production rdf:type <http://visit.de/ontologies/vismo/Architecture>
70,person_motiv_structevol,Person,?x <http://erlangen-crm.org/170309/P17i_motivated> ?y18 . ?y18 rdf:type <http://visit.de/ontologies/vismo/StructuralEvolution> . ?y18 <http://erlangen-crm.org/170309/P31_has_modified> ?person_motiv_structevol . ?person_motiv_structevol rdf:type <http://visit.de/ontologies/vismo/Architecture>
71,person_carriedout_structevol,Person,?x <http://erlangen-crm.org/170309/P14i_performed> ?y19 . ?y19 rdf:type <http://visit.de/ontologies/vismo/StructuralEvolution> . ?y19 <http://erlangen-crm.org/170309/P31_has_modified> ?person_carriedout_structevol . ?person_carriedout_structevol rdf:type <http://visit.de/ontologies/vismo/Architecture>
72,person_infl_structevol,Person,?x <http://erlangen-crm.org/170309/P15i_influenced> ?y20 . ?y20 rdf:type <http://visit.de/ontologies/vismo/StructuralEvolution> . ?y20 <http://erlangen-crm.org/170309/P31_has_modified> ?person_infl_structevol . ?person_infl_structevol rdf:type <http://visit.de/ontologies/vismo/Architecture>
73,person_depictedon_object,Person,?x <http://erlangen-crm.org/170309/P62i_is_depicted_by> ?person_depictedon_object . ?person_depictedon_object rdf:type <http://visit.de/ontologies/vismo/Object>
74,person_participatedin_activity,Person,?x <http://erlangen-crm.org/170309/P11i_participated_in> ?person_participatedin_activity . ?person_participatedin_activity rdf:type <http://visit.de/ontologies/vismo/Activity>
75,person_receivedcustody_object,Person,?x <http://erlangen-crm.org/170309/P29i_received_custody_through> ?y23 . ?y23 rdf:type <http://erlangen-crm.org/170309/E10_Transfer_of_Custody> . ?y23 <http://erlangen-crm.org/170309/P30_transferred_custody_of> ?person_receivedcustody_object . ?person_receivedcustody_object rdf:type <http://visit.de/ontologies/vismo/Object>
76,person_lostcustodyof_object,Person,?x <http://erlangen-crm.org/170309/P28i_surrendered_custody_through> ?y24 . ?y24 rdf:type <http://erlangen-crm.org/170309/E10_Transfer_of_Custody> . ?y24 <http://erlangen-crm.org/170309/P30_transferred_custody_of> ?person_lostcustodyof_object . ?person_lostcustodyof_object rdf:type <http://visit.de/ontologies/vismo/Object>
77,person_helpfullinks,Person,?x <http://visit.de/ontologies/vismo/helpfulLinks> ?person_helpfullinks
78,person_thumbnail,Person,?x <http://visit.de/ontologies/vismo/thumbnail> ?person_thumbnail
79,person_mother,person_birth,?x <http://erlangen-crm.org/170309/P92i_was_brought_into_existence_by> ?y1 . ?y1 rdf:type <http://erlangen-crm.org/170309/E67_Birth> . ?y1 <http://erlangen-crm.org/170309/P96_by_mother> ?person_mother . ?person_mother rdf:type <http://visit.de/ontologies/vismo/Person>
80,person_father,person_birth,?x <http://erlangen-crm.org/170309/P92i_was_brought_into_existence_by> ?y2 . ?y2 rdf:type <http://erlangen-crm.org/170309/E67_Birth> . ?y2 <http://erlangen-crm.org/170309/P97_from_father> ?person_father . ?person_father rdf:type <http://visit.de/ontologies/vismo/Person>
81,person_birthplace,person_birth,?x <http://erlangen-crm.org/170309/P92i_was_brought_into_existence_by> ?y3 . ?y3 rdf:type <http://erlangen-crm.org/170309/E67_Birth> . ?y3 <http://erlangen-crm.org/170309/P7_took_place_at> ?person_birthplace . ?person_birthplace rdf:type <http://visit.de/ontologies/vismo/Place>
82,person_birth_dating_exact,person_birth_dating,?x <http://erlangen-crm.org/170309/P92i_was_brought_into_existence_by> ?y1 . ?y1 rdf:type <http://erlangen-crm.org/170309/E67_Birth> . ?y1 <http://erlangen-crm.org/170309/P160_has_temporal_projection> ?y2 . ?y2 rdf:type <http://visit.de/ontologies/vismo/Dating> . ?y2 <http://erlangen-crm.org/170309/P3_has_note> ?person_birth_dating_exact
83,person_birth_dating_start,person_birth_dating,?x <http://erlangen-crm.org/170309/P92i_was_brought_into_existence_by> ?y3 . ?y3 rdf:type <http://erlangen-crm.org/170309/E67_Birth> . ?y3 <http://erlangen-crm.org/170309/P160_has_temporal_projection> ?y4 . ?y4 rdf:type <http://visit.de/ontologies/vismo/Dating> . ?y4 <http://erlangen-crm.org/170309/P79_beginning_is_qualified_by> ?person_birth_dating_start
84,person_birth_dating_end,person_birth_dating,?x <http://erlangen-crm.org/170309/P92i_was_brought_into_existence_by> ?y5 . ?y5 rdf:type <http://erlangen-crm.org/170309/E67_Birth> . ?y5 <http://erlangen-crm.org/170309/P160_has_temporal_projection> ?y6 . ?y6 rdf:type <http://visit.de/ontologies/vismo/Dating> . ?y6 <http://erlangen-crm.org/170309/P80_end_is_qualified_by> ?person_birth_dating_end
85,person_birth_dating_sometime,person_birth_dating,?x <http://erlangen-crm.org/170309/P92i_was_brought_into_existence_by> ?y7 . ?y7 rdf:type <http://erlangen-crm.org/170309/E67_Birth> . ?y7 <http://erlangen-crm.org/170309/P160_has_temporal_projection> ?y8 . ?y8 rdf:type <http://visit.de/ontologies/vismo/Dating> . ?y8 <http://erlangen-crm.org/170309/P82_at_some_time_within> ?person_birth_dating_sometime
86,person_deathplace,person_death,?x <http://erlangen-crm.org/170309/P93i_was_taken_out_of_existence_by> ?y1 . ?y1 rdf:type <http://erlangen-crm.org/170309/E69_Death> . ?y1 <http://erlangen-crm.org/170309/P7_took_place_at> ?person_deathplace . ?person_deathplace rdf:type <http://visit.de/ontologies/vismo/Place>
87,person_death_dating_exact,person_death_dating,?x <http://erlangen-crm.org/170309/P93i_was_taken_out_of_existence_by> ?y1 . ?y1 rdf:type <http://erlangen-crm.org/170309/E69_Death> . ?y1 <http://erlangen-crm.org/170309/P160_has_temporal_projection> ?y2 . ?y2 rdf:type <http://visit.de/ontologies/vismo/Dating> . ?y2 <http://erlangen-crm.org/170309/P3_has_note> ?person_death_dating_exact
88,person_death_dating_start,person_death_dating,?x <http://erlangen-crm.org/170309/P93i_was_taken_out_of_existence_by> ?y3 . ?y3 rdf:type <http://erlangen-crm.org/170309/E69_Death> . ?y3 <http://erlangen-crm.org/170309/P160_has_temporal_projection> ?y4 . ?y4 rdf:type <http://visit.de/ontologies/vismo/Dating> . ?y4 <http://erlangen-crm.org/170309/P79_beginning_is_qualified_by> ?person_death_dating_start
89,person_death_dating_end,person_death_dating,?x <http://erlangen-crm.org/170309/P93i_was_taken_out_of_existence_by> ?y5 . ?y5 rdf:type <http://erlangen-crm.org/170309/E69_Death> . ?y5 <http://erlangen-crm.org/170309/P160_has_temporal_projection> ?y6 . ?y6 rdf:type <http://visit.de/ontologies/vismo/Dating> . ?y6 <http://erlangen-crm.org/170309/P80_end_is_qualified_by> ?person_death_dating_end
90,person_death_dating_sometime,person_death_dating,?x <http://erlangen-crm.org/170309/P93i_was_taken_out_of_existence_by> ?y7 . ?y7 rdf:type <http://erlangen-crm.org/170309/E69_Death> . ?y7 <http://erlangen-crm.org/170309/P160_has_temporal_projection> ?y8 . ?y8 rdf:type <http://visit.de/ontologies/vismo/Dating> . ?y8 <http://erlangen-crm.org/170309/P82_at_some_time_within> ?person_death_dating_sometime
91,marriage_partner_person,person_marriage,?x <http://erlangen-crm.org/170309/P107i_is_current_or_former_member_of> ?y1 . ?y1 rdf:type <http://visit.de/ontologies/vismo/Marriage> . ?y1 <http://erlangen-crm.org/170309/P107_has_current_or_former_member> ?marriage_partner_person . ?marriage_partner_person rdf:type <http://visit.de/ontologies/vismo/Person>
92,marriage_begin_dating_exact,marriage_begin_dating,?x <http://erlangen-crm.org/170309/P107i_is_current_or_former_member_of> ?y1 . ?y1 rdf:type <http://visit.de/ontologies/vismo/Marriage> . ?y1 <http://erlangen-crm.org/170309/P92i_was_brought_into_existence_by> ?y2 . ?y2 rdf:type <http://erlangen-crm.org/170309/E63_Beginning_of_Existence> . ?y2 <http://erlangen-crm.org/170309/P160_has_temporal_projection> ?y3 . ?y3 rdf:type <http://visit.de/ontologies/vismo/Dating> . ?y3 <http://erlangen-crm.org/170309/P3_has_note> ?marriage_begin_dating_exact
93,marriage_begin_dating_start,marriage_begin_dating,?x <http://erlangen-crm.org/170309/P107i_is_current_or_former_member_of> ?y4 . ?y4 rdf:type <http://visit.de/ontologies/vismo/Marriage> . ?y4 <http://erlangen-crm.org/170309/P92i_was_brought_into_existence_by> ?y5 . ?y5 rdf:type <http://erlangen-crm.org/170309/E63_Beginning_of_Existence> . ?y5 <http://erlangen-crm.org/170309/P160_has_temporal_projection> ?y6 . ?y6 rdf:type <http://visit.de/ontologies/vismo/Dating> . ?y6 <http://erlangen-crm.org/170309/P79_beginning_is_qualified_by> ?marriage_begin_dating_start
94,marriage_begin_dating_end,marriage_begin_dating,?x <http://erlangen-crm.org/170309/P107i_is_current_or_former_member_of> ?y7 . ?y7 rdf:type <http://visit.de/ontologies/vismo/Marriage> . ?y7 <http://erlangen-crm.org/170309/P92i_was_brought_into_existence_by> ?y8 . ?y8 rdf:type <http://erlangen-crm.org/170309/E63_Beginning_of_Existence> . ?y8 <http://erlangen-crm.org/170309/P160_has_temporal_projection> ?y9 . ?y9 rdf:type <http://visit.de/ontologies/vismo/Dating> . ?y9 <http://erlangen-crm.org/170309/P80_end_is_qualified_by> ?marriage_begin_dating_end
95,marriage_begin_dating_sometime,marriage_begin_dating,?x <http://erlangen-crm.org/170309/P107i_is_current_or_former_member_of> ?y10 . ?y10 rdf:type <http://visit.de/ontologies/vismo/Marriage> . ?y10 <http://erlangen-crm.org/170309/P92i_was_brought_into_existence_by> ?y11 . ?y11 rdf:type <http://erlangen-crm.org/170309/E63_Beginning_of_Existence> . ?y11 <http://erlangen-crm.org/170309/P160_has_temporal_projection> ?y12 . ?y12 rdf:type <http://visit.de/ontologies/vismo/Dating> . ?y12 <http://erlangen-crm.org/170309/P82_at_some_time_within> ?marriage_begin_dating_sometime
96,marriage_end_dating_exact,marriage_end_dating,?x <http://erlangen-crm.org/170309/P107i_is_current_or_former_member_of> ?y1 . ?y1 rdf:type <http://visit.de/ontologies/vismo/Marriage> . ?y1 <http://erlangen-crm.org/170309/P93i_was_taken_out_of_existence_by> ?y2 . ?y2 rdf:type <http://erlangen-crm.org/170309/E64_End_of_Existence> . ?y2 <http://erlangen-crm.org/170309/P160_has_temporal_projection> ?y3 . ?y3 rdf:type <http://visit.de/ontologies/vismo/Dating> . ?y3 <http://erlangen-crm.org/170309/P3_has_note> ?marriage_end_dating_exact
97,marriage_end_dating_start,marriage_end_dating,?x <http://erlangen-crm.org/170309/P107i_is_current_or_former_member_of> ?y4 . ?y4 rdf:type <http://visit.de/ontologies/vismo/Marriage> . ?y4 <http://erlangen-crm.org/170309/P93i_was_taken_out_of_existence_by> ?y5 . ?y5 rdf:type <http://erlangen-crm.org/170309/E64_End_of_Existence> . ?y5 <http://erlangen-crm.org/170309/P160_has_temporal_projection> ?y6 . ?y6 rdf:type <http://visit.de/ontologies/vismo/Dating> . ?y6 <http://erlangen-crm.org/170309/P79_beginning_is_qualified_by> ?marriage_end_dating_start
98,marriage_end_dating_end,marriage_end_dating,?x <http://erlangen-crm.org/170309/P107i_is_current_or_former_member_of> ?y7 . ?y7 rdf:type <http://visit.de/ontologies/vismo/Marriage> . ?y7 <http://erlangen-crm.org/170309/P93i_was_taken_out_of_existence_by> ?y8 . ?y8 rdf:type <http://erlangen-crm.org/170309/E64_End_of_Existence> . ?y8 <http://erlangen-crm.org/170309/P160_has_temporal_projection> ?y9 . ?y9 rdf:type <http://visit.de/ontologies/vismo/Dating> . ?y9 <http://erlangen-crm.org/170309/P80_end_is_qualified_by> ?marriage_end_dating_end
99,marriage_end_dating_sometime,marriage_end_dating,?x <http://erlangen-crm.org/170309/P107i_is_current_or_former_member_of> ?y10 . ?y10 rdf:type <http://visit.de/ontologies/vismo/Marriage> . ?y10 <http://erlangen-crm.org/170309/P93i_was_taken_out_of_existence_by> ?y11 . ?y11 rdf:type <http://erlangen-crm.org/170309/E64_End_of_Existence> . ?y11 <http://erlangen-crm.org/170309/P160_has_temporal_projection> ?y12 . ?y12 rdf:type <http://visit.de/ontologies/vismo/Dating> . ?y12 <http://erlangen-crm.org/170309/P82_at_some_time_within> ?marriage_end_dating_sometime
100,person_refentry_pages,person_refentry,?x <http://visit.de/ontologies/vismo/referencedByEntry> ?y1 . ?y1 rdf:type <http://visit.de/ontologies/vismo/ReferenceEntry> . ?y1 <http://visit.de/ontologies/vismo/entryPages> ?person_refentry_pages
101,person_refentry_in_reference,person_refentry,?x <http://visit.de/ontologies/vismo/referencedByEntry> ?y2 . ?y2 rdf:type <http://visit.de/ontologies/vismo/ReferenceEntry> . ?y2 <http://visit.de/ontologies/vismo/isEntryIn> ?person_refentry_in_reference . ?person_refentry_in_reference rdf:type <http://visit.de/ontologies/vismo/Reference>
102,person_dr_technicalmetadata,person_digitalrepresentation,?x <http://visit.de/ontologies/vismo/hasDigitalRepresentation> ?y1 . ?y1 rdf:type <http://visit.de/ontologies/vismo/DigitalRepresentation> . ?y1 <http://visit.de/ontologies/vismo/technicalMetadata> ?person_dr_technicalmetadata
103,architecture_idby_title,Architecture,?x <http://erlangen-crm.org/170309/P1_is_identified_by> ?y1 . ?y1 rdf:type <http://erlangen-crm.org/170309/E35_Title> . ?y1 <http://erlangen-crm.org/170309/P3_has_note> ?architecture_idby_title
104,arch_sacraltype,Architecture,?x <http://erlangen-crm.org/170309/P2_has_type> ?y2 . ?y2 rdf:type <http://visit.de/ontologies/vismo/SacralBuilding> . ?y2 <http://erlangen-crm.org/170309/P3_has_note> ?arch_sacraltype
105,arch_has_seculartype,Architecture,?x <http://erlangen-crm.org/170309/P2_has_type> ?y3 . ?y3 rdf:type <http://visit.de/ontologies/vismo/SecularBuilding> . ?y3 <http://erlangen-crm.org/170309/P3_has_note> ?arch_has_seculartype
106,arch_bishopricaffiliation,Architecture,?x <http://erlangen-crm.org/170309/P2_has_type> ?y4 . ?y4 rdf:type <http://visit.de/ontologies/vismo/BishopricAffiliation> . ?y4 <http://erlangen-crm.org/170309/P3_has_note> ?arch_bishopricaffiliation
107,arch_geographicaffiliation,Architecture,?x <http://erlangen-crm.org/170309/P2_has_type> ?y5 . ?y5 rdf:type <http://visit.de/ontologies/vismo/GeographicalAffiliation> . ?y5 <http://erlangen-crm.org/170309/P3_has_note> ?arch_geographicaffiliation
108,arch_orderaffiliation,Architecture,?x <http://erlangen-crm.org/170309/P2_has_type> ?y6 . ?y6 rdf:type <http://visit.de/ontologies/vismo/OrderAffiliation> . ?y6 <http://erlangen-crm.org/170309/P3_has_note> ?arch_orderaffiliation
109,architecture_description,Architecture,?x <http://visit.de/ontologies/vismo/description> ?architecture_description
110,architecture_comment,Architecture,?x <http://visit.de/ontologies/vismo/comment> ?architecture_comment
111,architecture_keyword,Architecture,?x <http://visit.de/ontologies/vismo/keyword> ?architecture_keyword
112,architecture_iconography,Architecture,?x <http://visit.de/ontologies/vismo/iconography> ?architecture_iconography
113,architecture_innerdescription,Architecture,?x <http://visit.de/ontologies/vismo/innerDescription> ?architecture_innerdescription
114,architecture_outerdescription,Architecture,?x <http://visit.de/ontologies/vismo/outerDescription> ?architecture_outerdescription
115,architecture_depictedby_object,Architecture,?x <http://erlangen-crm.org/170309/P62i_is_depicted_by> ?architecture_depictedby_object . ?architecture_depictedby_object rdf:type <http://visit.de/ontologies/vismo/Object>
116,architecture_buildinghistory,Architecture,?x <http://visit.de/ontologies/vismo/buildingHistory> ?architecture_buildinghistory
117,arch_currentlyholds_object,Architecture,?x <http://erlangen-crm.org/170309/P55i_currently_holds> ?arch_currentlyholds_object . ?arch_currentlyholds_object rdf:type <http://visit.de/ontologies/vismo/Object>
118,architecture_exemplify_function,Architecture,?x <http://erlangen-crm.org/170309/P137_exemplifies> ?y16 . ?y16 rdf:type <http://visit.de/ontologies/vismo/Function> . ?y16 <http://erlangen-crm.org/170309/P3_has_note> ?architecture_exemplify_function
119,architecture_location_place,Architecture,?x <http://erlangen-crm.org/170309/P55_has_current_location> ?architecture_location_place . ?architecture_location_place rdf:type <http://visit.de/ontologies/vismo/Place>
120,arch_currentowner_person,Architecture,?x <http://erlangen-crm.org/170309/P52_has_current_owner> ?arch_currentowner_person . ?arch_currentowner_person rdf:type <http://visit.de/ontologies/vismo/Person>
121,arch_currentowner_group,Architecture,?x <http://erlangen-crm.org/170309/P52_has_current_owner> ?arch_currentowner_group . ?arch_currentowner_group rdf:type <http://visit.de/ontologies/vismo/Group>
122,arch_currentowner_institution,Architecture,?x <http://erlangen-crm.org/170309/P52_has_current_owner> ?arch_currentowner_institution . ?arch_currentowner_institution rdf:type <http://visit.de/ontologies/vismo/Institution>
123,architecture_contains_arch,Architecture,?x <http://erlangen-crm.org/170309/P89i_contains> ?architecture_contains_arch . ?architecture_contains_arch rdf:type <http://visit.de/ontologies/vismo/Architecture>
124,architecture_fallswithin_arch,Architecture,?x <http://erlangen-crm.org/170309/P89_falls_within> ?architecture_fallswithin_arch . ?architecture_fallswithin_arch rdf:type <http://visit.de/ontologies/vismo/Architecture>
125,architecture_tookpartin_activity,Architecture,?x <http://erlangen-crm.org/170309/P16i_was_used_for> ?architecture_tookpartin_activity . ?architecture_tookpartin_activity rdf:type <http://visit.de/ontologies/vismo/Activity>
126,architecture_helpfullinks,Architecture,?x <http://visit.de/ontologies/vismo/helpfulLinks> ?architecture_helpfullinks
127,architecture_thumbnail,Architecture,?x <http://visit.de/ontologies/vismo/thumbnail> ?architecture_thumbnail
128,production_motivatedby_person,arch_producedby_production,?x <http://erlangen-crm.org/170309/P108i_was_produced_by> ?y1 . ?y1 rdf:type <http://erlangen-crm.org/170309/E12_Production> . ?y1 <http://erlangen-crm.org/170309/P17_was_motivated_by> ?production_motivatedby_person . ?production_motivatedby_person rdf:type <http://visit.de/ontologies/vismo/Person>
129,production_carriedoutby_person,arch_producedby_production,?x <http://erlangen-crm.org/170309/P108i_was_produced_by> ?y2 . ?y2 rdf:type <http://erlangen-crm.org/170309/E12_Production> . ?y2 <http://erlangen-crm.org/170309/P14_carried_out_by> ?production_carriedoutby_person . ?production_carriedoutby_person rdf:type <http://visit.de/ontologies/vismo/Person>
130,production_inflby_person,arch_producedby_production,?x <http://erlangen-crm.org/170309/P108i_was_produced_by> ?y3 . ?y3 rdf:type <http://erlangen-crm.org/170309/E12_Production> . ?y3 <http://erlangen-crm.org/170309/P15_was_influenced_by> ?production_inflby_person . ?production_inflby_person rdf:type <http://visit.de/ontologies/vismo/Person>
131,arch_prod_motivatedby_group,arch_producedby_production,?x <http://erlangen-crm.org/170309/P108i_was_produced_by> ?y4 . ?y4 rdf:type <http://erlangen-crm.org/170309/E12_Production> . ?y4 <http://erlangen-crm.org/170309/P17_was_motivated_by> ?arch_prod_motivatedby_group . ?arch_prod_motivatedby_group rdf:type <http://visit.de/ontologies/vismo/Group>
132,arch_prod_carriedoutby_group,arch_producedby_production,?x <http://erlangen-crm.org/170309/P108i_was_produced_by> ?y5 . ?y5 rdf:type <http://erlangen-crm.org/170309/E12_Production> . ?y5 <http://erlangen-crm.org/170309/P14_carried_out_by> ?arch_prod_carriedoutby_group . ?arch_prod_carriedoutby_group rdf:type <http://visit.de/ontologies/vismo/Group>
133,arch_prod_inflby_group,arch_producedby_production,?x <http://erlangen-crm.org/170309/P108i_was_produced_by> ?y6 . ?y6 rdf:type <http://erlangen-crm.org/170309/E12_Production> . ?y6 <http://erlangen-crm.org/170309/P15_was_influenced_by> ?arch_prod_inflby_group . ?arch_prod_inflby_group rdf:type <http://visit.de/ontologies/vismo/Group>
134,arch_prod_dating_start,arch_production_dating,?x <http://erlangen-crm.org/170309/P108i_was_produced_by> ?y1 . ?y1 rdf:type <http://erlangen-crm.org/170309/E12_Production> . ?y1 <http://erlangen-crm.org/170309/P160_has_temporal_projection> ?y2 . ?y2 rdf:type <http://visit.de/ontologies/vismo/Dating> . ?y2 <http://erlangen-crm.org/170309/P79_beginning_is_qualified_by> ?arch_prod_dating_start
135,arch_prod_dating_end,arch_production_dating,?x <http://erlangen-crm.org/170309/P108i_was_produced_by> ?y3 . ?y3 rdf:type <http://erlangen-crm.org/170309/E12_Production> . ?y3 <http://erlangen-crm.org/170309/P160_has_temporal_projection> ?y4 . ?y4 rdf:type <http://visit.de/ontologies/vismo/Dating> . ?y4 <http://erlangen-crm.org/170309/P80_end_is_qualified_by> ?arch_prod_dating_end
136,archproduction_sometime,arch_production_dating,?x <http://erlangen-crm.org/170309/P108i_was_produced_by> ?y5 . ?y5 rdf:type <http://erlangen-crm.org/170309/E12_Production> . ?y5 <http://erlangen-crm.org/170309/P160_has_temporal_projection> ?y6 . ?y6 rdf:type <http://visit.de/ontologies/vismo/Dating> . ?y6 <http://erlangen-crm.org/170309/P82_at_some_time_within> ?archproduction_sometime
137,arch_prod_dating_century,arch_production_dating,?x <http://erlangen-crm.org/170309/P108i_was_produced_by> ?y7 . ?y7 rdf:type <http://erlangen-crm.org/170309/E12_Production> . ?y7 <http://erlangen-crm.org/170309/P160_has_temporal_projection> ?y8 . ?y8 rdf:type <http://visit.de/ontologies/vismo/Dating> . ?y8 <http://erlangen-crm.org/170309/P81_ongoing_throughout> ?arch_prod_dating_century
138,structuralevolution_idby_title,arch_modifiedby_structevolution,?x <http://erlangen-crm.org/170309/P31i_was_modified_by> ?y1 . ?y1 rdf:type <http://visit.de/ontologies/vismo/StructuralEvolution> . ?y1 <http://erlangen-crm.org/170309/P1_is_identified_by> ?y2 . ?y2 rdf:type <http://erlangen-crm.org/170309/E35_Title> . ?y2 <http://erlangen-crm.org/170309/P3_has_note> ?structuralevolution_idby_title
139,structuralevolution_description,arch_modifiedby_structevolution,?x <http://erlangen-crm.org/170309/P31i_was_modified_by> ?y3 . ?y3 rdf:type <http://visit.de/ontologies/vismo/StructuralEvolution> . ?y3 <http://visit.de/ontologies/vismo/description> ?structuralevolution_description
140,structuralevolution_comment,arch_modifiedby_structevolution,?x <http://erlangen-crm.org/170309/P31i_was_modified_by> ?y4 . ?y4 rdf:type <http://visit.de/ontologies/vismo/StructuralEvolution> . ?y4 <http://visit.de/ontologies/vismo/comment> ?structuralevolution_comment
141,structevol_exemplifies_function,arch_modifiedby_structevolution,?x <http://erlangen-crm.org/170309/P31i_was_modified_by> ?y5 . ?y5 rdf:type <http://visit.de/ontologies/vismo/StructuralEvolution> . ?y5 <http://erlangen-crm.org/170309/P137_exemplifies> ?y6 . ?y6 rdf:type <http://visit.de/ontologies/vismo/Function> . ?y6 <http://erlangen-crm.org/170309/P3_has_note> ?structevol_exemplifies_function
142,structevol_motivatedby_person,arch_modifiedby_structevolution,?x <http://erlangen-crm.org/170309/P31i_was_modified_by> ?y7 . ?y7 rdf:type <http://visit.de/ontologies/vismo/StructuralEvolution> . ?y7 <http://erlangen-crm.org/170309/P17_was_motivated_by> ?structevol_motivatedby_person . ?structevol_motivatedby_person rdf:type <http://visit.de/ontologies/vismo/Person>
143,structevol_carriedoutby_person,arch_modifiedby_structevolution,?x <http://erlangen-crm.org/170309/P31i_was_modified_by> ?y8 . ?y8 rdf:type <http://visit.de/ontologies/vismo/StructuralEvolution> . ?y8 <http://erlangen-crm.org/170309/P14_carried_out_by> ?structevol_carriedoutby_person . ?structevol_carriedoutby_person rdf:type <http://visit.de/ontologies/vismo/Person>
144,structevol_influencedby_person,arch_modifiedby_structevolution,?x <http://erlangen-crm.org/170309/P31i_was_modified_by> ?y9 . ?y9 rdf:type <http://visit.de/ontologies/vismo/StructuralEvolution> . ?y9 <http://erlangen-crm.org/170309/P15_was_influenced_by> ?structevol_influencedby_person . ?structevol_influencedby_person rdf:type <http://visit.de/ontologies/vismo/Person>
145,structevol_motivby_group,arch_modifiedby_structevolution,?x <http://erlangen-crm.org/170309/P31i_was_modified_by> ?y10 . ?y10 rdf:type <http://visit.de/ontologies/vismo/StructuralEvolution> . ?y10 <http://erlangen-crm.org/170309/P17_was_motivated_by> ?structevol_motivby_group . ?structevol_motivby_group rdf:type <http://visit.de/ontologies/vismo/Group>
146,structevol_carriedoutby_group,arch_modifiedby_structevolution,?x <http://erlangen-crm.org/170309/P31i_was_modified_by> ?y11 . ?y11 rdf:type <http://visit.de/ontologies/vismo/StructuralEvolution> . ?y11 <http://erlangen-crm.org/170309/P14_carried_out_by> ?structevol_carriedoutby_group . ?structevol_carriedoutby_group rdf:type <http://visit.de/ontologies/vismo/Group>
147,structevol_inflby_group,arch_modifiedby_structevolution,?x <http://erlangen-crm.org/170309/P31i_was_modified_by> ?y12 . ?y12 rdf:type <http://visit.de/ontologies/vismo/StructuralEvolution> . ?y12 <http://erlangen-crm.org/170309/P15_was_influenced_by> ?structevol_inflby_group . ?structevol_inflby_group rdf:type <http://visit.de/ontologies/vismo/Group>
148,arch_structevol_dating_start,arch_structevol_dating,?x <http://erlangen-crm.org/170309/P31i_was_modified_by> ?y1 . ?y1 rdf:type <http://visit.de/ontologies/vismo/StructuralEvolution> . ?y1 <http://erlangen-crm.org/170309/P160_has_temporal_projection> ?y2 . ?y2 rdf:type <http://visit.de/ontologies/vismo/Dating> . ?y2 <http://erlangen-crm.org/170309/P79_beginning_is_qualified_by> ?arch_structevol_dating_start
149,arch_structevol_dating_end,arch_structevol_dating,?x <http://erlangen-crm.org/170309/P31i_was_modified_by> ?y3 . ?y3 rdf:type <http://visit.de/ontologies/vismo/StructuralEvolution> . ?y3 <http://erlangen-crm.org/170309/P160_has_temporal_projection> ?y4 . ?y4 rdf:type <http://visit.de/ontologies/vismo/Dating> . ?y4 <http://erlangen-crm.org/170309/P80_end_is_qualified_by> ?arch_structevol_dating_end
150,arch_evol_dat_sometime,arch_structevol_dating,?x <http://erlangen-crm.org/170309/P31i_was_modified_by> ?y5 . ?y5 rdf:type <http://visit.de/ontologies/vismo/StructuralEvolution> . ?y5 <http://erlangen-crm.org/170309/P160_has_temporal_projection> ?y6 . ?y6 rdf:type <http://visit.de/ontologies/vismo/Dating> . ?y6 <http://erlangen-crm.org/170309/P82_at_some_time_within> ?arch_evol_dat_sometime
151,arch_structevol_dating_century,arch_structevol_dating,?x <http://erlangen-crm.org/170309/P31i_was_modified_by> ?y7 . ?y7 rdf:type <http://visit.de/ontologies/vismo/StructuralEvolution> . ?y7 <http://erlangen-crm.org/170309/P160_has_temporal_projection> ?y8 . ?y8 rdf:type <http://visit.de/ontologies/vismo/Dating> . ?y8 <http://erlangen-crm.org/170309/P81_ongoing_throughout> ?arch_structevol_dating_century
152,arch_refentry_pages,arch_refentry,?x <http://visit.de/ontologies/vismo/referencedByEntry> ?y1 . ?y1 rdf:type <http://visit.de/ontologies/vismo/ReferenceEntry> . ?y1 <http://visit.de/ontologies/vismo/entryPages> ?arch_refentry_pages
153,arch_refentry_in_reference,arch_refentry,?x <http://visit.de/ontologies/vismo/referencedByEntry> ?y2 . ?y2 rdf:type <http://visit.de/ontologies/vismo/ReferenceEntry> . ?y2 <http://visit.de/ontologies/vismo/isEntryIn> ?arch_refentry_in_reference . ?arch_refentry_in_reference rdf:type <http://visit.de/ontologies/vismo/Reference>
154,architecture_dr_techmetadata,architecture_digitalrepresentati,?x <http://visit.de/ontologies/vismo/hasDigitalRepresentation> ?y1 . ?y1 rdf:type <http://visit.de/ontologies/vismo/DigitalRepresentation> . ?y1 <http://visit.de/ontologies/vismo/technicalMetadata> ?architecture_dr_techmetadata
155,place_idby_placeappel,Place,?x <http://erlangen-crm.org/170309/P1_is_identified_by> ?y1 . ?y1 rdf:type <http://erlangen-crm.org/170309/E44_Place_Appellation> . ?y1 <http://erlangen-crm.org/170309/P3_has_note> ?place_idby_placeappel
156,place_description,Place,?x <http://visit.de/ontologies/vismo/description> ?place_description
157,place_comment,Place,?x <http://visit.de/ontologies/vismo/comment> ?place_comment
158,place_keyword,Place,?x <http://visit.de/ontologies/vismo/keyword> ?place_keyword
159,place_iconography,Place,?x <http://visit.de/ontologies/vismo/iconography> ?place_iconography
160,place_holds_architecture,Place,?x <http://erlangen-crm.org/170309/P55i_currently_holds> ?place_holds_architecture . ?place_holds_architecture rdf:type <http://visit.de/ontologies/vismo/Architecture>
161,place_witnessed_activity,Place,?x <http://erlangen-crm.org/170309/P7i_witnessed> ?place_witnessed_activity . ?place_witnessed_activity rdf:type <http://visit.de/ontologies/vismo/Activity>
162,place_wasbirthplaceof_person,Place,?x <http://erlangen-crm.org/170309/P7i_witnessed> ?y8 . ?y8 rdf:type <http://erlangen-crm.org/170309/E67_Birth> . ?y8 <http://erlangen-crm.org/170309/P92_brought_into_existence> ?place_wasbirthplaceof_person . ?place_wasbirthplaceof_person rdf:type <http://visit.de/ontologies/vismo/Person>
163,place_wasdeathplaceof_person,Place,?x <http://erlangen-crm.org/170309/P7i_witnessed> ?y9 . ?y9 rdf:type <http://erlangen-crm.org/170309/E69_Death> . ?y9 <http://erlangen-crm.org/170309/P93_took_out_of_existence> ?place_wasdeathplaceof_person . ?place_wasdeathplaceof_person rdf:type <http://visit.de/ontologies/vismo/Person>
164,place_isdepictedby_object,Place,?x <http://erlangen-crm.org/170309/P62i_is_depicted_by> ?place_isdepictedby_object . ?place_isdepictedby_object rdf:type <http://visit.de/ontologies/vismo/Object>
165,place_helpfullinks,Place,?x <http://visit.de/ontologies/vismo/helpfulLinks> ?place_helpfullinks
166,place_thumbnail,Place,?x <http://visit.de/ontologies/vismo/thumbnail> ?place_thumbnail
167,place_refentry_pages,place_refentry,?x <http://visit.de/ontologies/vismo/referencedByEntry> ?y1 . ?y1 rdf:type <http://visit.de/ontologies/vismo/ReferenceEntry> . ?y1 <http://visit.de/ontologies/vismo/entryPages> ?place_refentry_pages
168,place_refentry_in_reference,place_refentry,?x <http://visit.de/ontologies/vismo/referencedByEntry> ?y2 . ?y2 rdf:type <http://visit.de/ontologies/vismo/ReferenceEntry> . ?y2 <http://visit.de/ontologies/vismo/isEntryIn> ?place_refentry_in_reference . ?place_refentry_in_reference rdf:type <http://visit.de/ontologies/vismo/Reference>
169,place_dr_techmetadata,place_digitalrepresentation,?x <http://visit.de/ontologies/vismo/hasDigitalRepresentation> ?y1 . ?y1 rdf:type <http://visit.de/ontologies/vismo/DigitalRepresentation> . ?y1 <http://visit.de/ontologies/vismo/technicalMetadata> ?place_dr_techmetadata
170,institution_idby_appel,Institution,?x <http://erlangen-crm.org/170309/P1_is_identified_by> ?y1 . ?y1 rdf:type <http://erlangen-crm.org/170309/E41_Appellation> . ?y1 <http://erlangen-crm.org/170309/P3_has_note> ?institution_idby_appel
171,institution_ownerof_arch,Institution,?x <http://erlangen-crm.org/170309/P52i_is_current_owner_of> ?institution_ownerof_arch . ?institution_ownerof_arch rdf:type <http://visit.de/ontologies/vismo/Architecture>
172,institution_fallswithin_place,Institution,?x <http://erlangen-crm.org/170309/P89_falls_within> ?institution_fallswithin_place . ?institution_fallswithin_place rdf:type <http://visit.de/ontologies/vismo/Place>
173,institution_address,Institution,?x <http://erlangen-crm.org/170309/P2_has_type> ?y4 . ?y4 rdf:type <http://visit.de/ontologies/vismo/GeographicalAffiliation> . ?y4 <http://erlangen-crm.org/170309/P3_has_note> ?institution_address
174,institution_owns_catalog,Institution,?x <http://erlangen-crm.org/170309/P52i_is_current_owner_of> ?institution_owns_catalog . ?institution_owns_catalog rdf:type <http://visit.de/ontologies/vismo/Reference>
175,institution_loc_catalog,Institution,?x <http://erlangen-crm.org/170309/P55i_currently_holds> ?institution_loc_catalog . ?institution_loc_catalog rdf:type <http://visit.de/ontologies/vismo/Reference>
176,institution_helpfullinks,Institution,?x <http://visit.de/ontologies/vismo/helpfulLinks> ?institution_helpfullinks
177,group_idby_actorappel,Group,?x <http://erlangen-crm.org/170309/P1_is_identified_by> ?y1 . ?y1 rdf:type <http://erlangen-crm.org/170309/E82_Actor_Appellation> . ?y1 <http://erlangen-crm.org/170309/P3_has_note> ?group_idby_actorappel
178,group_keyword,Group,?x <http://visit.de/ontologies/vismo/keyword> ?group_keyword
179,group_iconography,Group,?x <http://visit.de/ontologies/vismo/iconography> ?group_iconography
180,group_produced_object,Group,?x <http://erlangen-crm.org/170309/P14i_performed> ?y4 . ?y4 rdf:type <http://erlangen-crm.org/170309/E12_Production> . ?y4 <http://erlangen-crm.org/170309/P108_has_produced> ?group_produced_object . ?group_produced_object rdf:type <http://visit.de/ontologies/vismo/Object>
181,group_ownerof_architecture,Group,?x <http://erlangen-crm.org/170309/P52i_is_current_owner_of> ?group_ownerof_architecture . ?group_ownerof_architecture rdf:type <http://visit.de/ontologies/vismo/Architecture>
182,group_motiv_arch_production,Group,?x <http://erlangen-crm.org/170309/P17i_motivated> ?y6 . ?y6 rdf:type <http://erlangen-crm.org/170309/E12_Production> . ?y6 <http://erlangen-crm.org/170309/P108_has_produced> ?group_motiv_arch_production . ?group_motiv_arch_production rdf:type <http://visit.de/ontologies/vismo/Architecture>
183,group_carriedout_arch_production,Group,?x <http://erlangen-crm.org/170309/P14i_performed> ?y7 . ?y7 rdf:type <http://erlangen-crm.org/170309/E12_Production> . ?y7 <http://erlangen-crm.org/170309/P108_has_produced> ?group_carriedout_arch_production . ?group_carriedout_arch_production rdf:type <http://visit.de/ontologies/vismo/Architecture>
184,group_infl_arch_production,Group,?x <http://erlangen-crm.org/170309/P15i_influenced> ?y8 . ?y8 rdf:type <http://erlangen-crm.org/170309/E12_Production> . ?y8 <http://erlangen-crm.org/170309/P108_has_produced> ?group_infl_arch_production . ?group_infl_arch_production rdf:type <http://visit.de/ontologies/vismo/Architecture>
185,group_motiv_structevol,Group,?x <http://erlangen-crm.org/170309/P17i_motivated> ?y9 . ?y9 rdf:type <http://visit.de/ontologies/vismo/StructuralEvolution> . ?y9 <http://erlangen-crm.org/170309/P31_has_modified> ?group_motiv_structevol . ?group_motiv_structevol rdf:type <http://visit.de/ontologies/vismo/Architecture>
186,group_carriedout_structevol,Group,?x <http://erlangen-crm.org/170309/P14i_performed> ?y10 . ?y10 rdf:type <http://visit.de/ontologies/vismo/StructuralEvolution> . ?y10 <http://erlangen-crm.org/170309/P31_has_modified> ?group_carriedout_structevol . ?group_carriedout_structevol rdf:type <http://visit.de/ontologies/vismo/Architecture>
187,group_infl_structevol,Group,?x <http://erlangen-crm.org/170309/P15i_influenced> ?y11 . ?y11 rdf:type <http://visit.de/ontologies/vismo/StructuralEvolution> . ?y11 <http://erlangen-crm.org/170309/P31_has_modified> ?group_infl_structevol . ?group_infl_structevol rdf:type <http://visit.de/ontologies/vismo/Architecture>
188,group_receivedcustodyof_object,Group,?x <http://erlangen-crm.org/170309/P29i_received_custody_through> ?y12 . ?y12 rdf:type <http://erlangen-crm.org/170309/E10_Transfer_of_Custody> . ?y12 <http://erlangen-crm.org/170309/P30_transferred_custody_of> ?group_receivedcustodyof_object . ?group_receivedcustodyof_object rdf:type <http://visit.de/ontologies/vismo/Object>
189,group_lostcustodyof_object,Group,?x <http://erlangen-crm.org/170309/P28i_surrendered_custody_through> ?y13 . ?y13 rdf:type <http://erlangen-crm.org/170309/E10_Transfer_of_Custody> . ?y13 <http://erlangen-crm.org/170309/P30_transferred_custody_of> ?group_lostcustodyof_object . ?group_lostcustodyof_object rdf:type <http://visit.de/ontologies/vismo/Object>
190,group_refentry_pages,group_refentry,?x <http://visit.de/ontologies/vismo/referencedByEntry> ?y1 . ?y1 rdf:type <http://visit.de/ontologies/vismo/ReferenceEntry> . ?y1 <http://visit.de/ontologies/vismo/entryPages> ?group_refentry_pages
191,group_refentry_in_reference,group_refentry,?x <http://visit.de/ontologies/vismo/referencedByEntry> ?y2 . ?y2 rdf:type <http://visit.de/ontologies/vismo/ReferenceEntry> . ?y2 <http://visit.de/ontologies/vismo/isEntryIn> ?group_refentry_in_reference . ?group_refentry_in_reference rdf:type <http://visit.de/ontologies/vismo/Reference>
192,reference_keyword,Reference,?x <http://erlangen-crm.org/170309/P3_has_note> ?reference_keyword
193,reference_has_type,Reference,?x <http://erlangen-crm.org/170309/P2_has_type> ?y2 . ?y2 rdf:type <http://visit.de/ontologies/vismo/ReferenceType> . ?y2 <http://erlangen-crm.org/170309/P3_has_note> ?reference_has_type
194,reference_publisher,Reference,?x <http://visit.de/ontologies/vismo/publisher> ?reference_publisher
195,reference_series,Reference,?x <http://visit.de/ontologies/vismo/series> ?reference_series
196,reference_volume,Reference,?x <http://visit.de/ontologies/vismo/volume> ?reference_volume
197,reference_pages,Reference,?x <http://visit.de/ontologies/vismo/pages> ?reference_pages
198,reference_catalog_owner,Reference,?x <http://erlangen-crm.org/170309/P52_has_current_owner> ?reference_catalog_owner . ?reference_catalog_owner rdf:type <http://visit.de/ontologies/vismo/Institution>
199,reference_catalog_location,Reference,?x <http://erlangen-crm.org/170309/P55_has_current_location> ?reference_catalog_location . ?reference_catalog_location rdf:type <http://visit.de/ontologies/vismo/Institution>
200,reference_title_title,reference_title,?x <http://erlangen-crm.org/170309/P1_is_identified_by> ?y1 . ?y1 rdf:type <http://visit.de/ontologies/vismo/Title> . ?y1 <http://erlangen-crm.org/170309/P3_has_note> ?reference_title_title
201,reference_title_superordinate,reference_title,?x <http://erlangen-crm.org/170309/P1_is_identified_by> ?y2 . ?y2 rdf:type <http://visit.de/ontologies/vismo/Title> . ?y2 <http://visit.de/ontologies/vismo/superordinateTitle> ?reference_title_superordinate
202,production_authorname,reference_producedby_production,?x <http://erlangen-crm.org/170309/P108i_was_produced_by> ?y1 . ?y1 rdf:type <http://erlangen-crm.org/170309/E12_Production> . ?y1 <http://erlangen-crm.org/170309/P3_has_note> ?production_authorname
203,production_year,reference_producedby_production,?x <http://erlangen-crm.org/170309/P108i_was_produced_by> ?y2 . ?y2 rdf:type <http://erlangen-crm.org/170309/E12_Production> . ?y2 <http://erlangen-crm.org/170309/P160_has_temporal_projection> ?y3 . ?y3 rdf:type <http://visit.de/ontologies/vismo/Dating> . ?y3 <http://erlangen-crm.org/170309/P82_at_some_time_within> ?production_year
204,ref_production_placeofpub,reference_producedby_production,?x <http://erlangen-crm.org/170309/P108i_was_produced_by> ?y4 . ?y4 rdf:type <http://erlangen-crm.org/170309/E12_Production> . ?y4 <http://erlangen-crm.org/170309/P7_took_place_at> ?y5 . ?y5 rdf:type <http://erlangen-crm.org/170309/E53_Place> . ?y5 <http://erlangen-crm.org/170309/P3_has_note> ?ref_production_placeofpub
205,reference_entry_pages,reference_entry,?x <http://visit.de/ontologies/vismo/containsEntry> ?y1 . ?y1 rdf:type <http://visit.de/ontologies/vismo/ReferenceEntry> . ?y1 <http://visit.de/ontologies/vismo/entryPages> ?reference_entry_pages
206,reference_entry_about_activity,reference_entry,?x <http://visit.de/ontologies/vismo/containsEntry> ?y2 . ?y2 rdf:type <http://visit.de/ontologies/vismo/ReferenceEntry> . ?y2 <http://visit.de/ontologies/vismo/entryIsAbout> ?reference_entry_about_activity . ?reference_entry_about_activity rdf:type <http://visit.de/ontologies/vismo/Activity>
207,reference_entry_about_arch,reference_entry,?x <http://visit.de/ontologies/vismo/containsEntry> ?y3 . ?y3 rdf:type <http://visit.de/ontologies/vismo/ReferenceEntry> . ?y3 <http://visit.de/ontologies/vismo/entryIsAbout> ?reference_entry_about_arch . ?reference_entry_about_arch rdf:type <http://visit.de/ontologies/vismo/Architecture>
208,reference_entry_about_object,reference_entry,?x <http://visit.de/ontologies/vismo/containsEntry> ?y4 . ?y4 rdf:type <http://visit.de/ontologies/vismo/ReferenceEntry> . ?y4 <http://visit.de/ontologies/vismo/entryIsAbout> ?reference_entry_about_object . ?reference_entry_about_object rdf:type <http://visit.de/ontologies/vismo/Object>
209,reference_entry_about_place,reference_entry,?x <http://visit.de/ontologies/vismo/containsEntry> ?y5 . ?y5 rdf:type <http://visit.de/ontologies/vismo/ReferenceEntry> . ?y5 <http://visit.de/ontologies/vismo/entryIsAbout> ?reference_entry_about_place . ?reference_entry_about_place rdf:type <http://visit.de/ontologies/vismo/Place>
210,reference_entry_about_group,reference_entry,?x <http://visit.de/ontologies/vismo/containsEntry> ?y6 . ?y6 rdf:type <http://visit.de/ontologies/vismo/ReferenceEntry> . ?y6 <http://visit.de/ontologies/vismo/entryIsAbout> ?reference_entry_about_group . ?reference_entry_about_group rdf:type <http://visit.de/ontologies/vismo/Group>
211,reference_entry_about_person,reference_entry,?x <http://visit.de/ontologies/vismo/containsEntry> ?y7 . ?y7 rdf:type <http://visit.de/ontologies/vismo/ReferenceEntry> . ?y7 <http://visit.de/ontologies/vismo/entryIsAbout> ?reference_entry_about_person . ?reference_entry_about_person rdf:type <http://visit.de/ontologies/vismo/Person>
212,catalog_exhibition_start,reference_catalog_dating,?x <http://erlangen-crm.org/170309/P160_has_temporal_projection> ?y1 . ?y1 rdf:type <http://visit.de/ontologies/vismo/Dating> . ?y1 <http://erlangen-crm.org/170309/P79_beginning_is_qualified_by> ?catalog_exhibition_start
213,catalog_exhibition_end,reference_catalog_dating,?x <http://erlangen-crm.org/170309/P160_has_temporal_projection> ?y2 . ?y2 rdf:type <http://visit.de/ontologies/vismo/Dating> . ?y2 <http://erlangen-crm.org/170309/P80_end_is_qualified_by> ?catalog_exhibition_end
214,activity_idby_title,Activity,?x <http://erlangen-crm.org/170309/P1_is_identified_by> ?y1 . ?y1 rdf:type <http://erlangen-crm.org/170309/E35_Title> . ?y1 <http://erlangen-crm.org/170309/P3_has_note> ?activity_idby_title
215,activity_description,Activity,?x <http://visit.de/ontologies/vismo/description> ?activity_description
216,activity_comment,Activity,?x <http://visit.de/ontologies/vismo/comment> ?activity_comment
217,activity_keyword,Activity,?x <http://visit.de/ontologies/vismo/keyword> ?activity_keyword
218,activity_iconography,Activity,?x <http://visit.de/ontologies/vismo/iconography> ?activity_iconography
219,activity_hadparticipant_person,Activity,?x <http://erlangen-crm.org/170309/P11_had_participant> ?activity_hadparticipant_person . ?activity_hadparticipant_person rdf:type <http://visit.de/ontologies/vismo/Person>
220,activity_used_architecture,Activity,?x <http://erlangen-crm.org/170309/P16_used_specific_object> ?activity_used_architecture . ?activity_used_architecture rdf:type <http://visit.de/ontologies/vismo/Architecture>
221,activity_used_object,Activity,?x <http://erlangen-crm.org/170309/P16_used_specific_object> ?activity_used_object . ?activity_used_object rdf:type <http://visit.de/ontologies/vismo/Object>
222,activity_tookplaceat_place,Activity,?x <http://erlangen-crm.org/170309/P7_took_place_at> ?activity_tookplaceat_place . ?activity_tookplaceat_place rdf:type <http://visit.de/ontologies/vismo/Place>
223,activity_isdepictedby_object,Activity,?x <http://erlangen-crm.org/170309/P62i_is_depicted_by> ?activity_isdepictedby_object . ?activity_isdepictedby_object rdf:type <http://visit.de/ontologies/vismo/Object>
224,activity_helpfullinks,Activity,?x <http://visit.de/ontologies/vismo/helpfulLinks> ?activity_helpfullinks
225,activity_thumbnail,Activity,?x <http://visit.de/ontologies/vismo/thumbnail> ?activity_thumbnail
226,activity_dating_exact,activity_dating,?x <http://erlangen-crm.org/170309/P160_has_temporal_projection> ?y1 . ?y1 rdf:type <http://visit.de/ontologies/vismo/Dating> . ?y1 <http://erlangen-crm.org/170309/P3_has_note> ?activity_dating_exact
227,activity_dating_end,activity_dating,?x <http://erlangen-crm.org/170309/P160_has_temporal_projection> ?y2 . ?y2 rdf:type <http://visit.de/ontologies/vismo/Dating> . ?y2 <http://erlangen-crm.org/170309/P80_end_is_qualified_by> ?activity_dating_end
228,activity_dating_start,activity_dating,?x <http://erlangen-crm.org/170309/P160_has_temporal_projection> ?y3 . ?y3 rdf:type <http://visit.de/ontologies/vismo/Dating> . ?y3 <http://erlangen-crm.org/170309/P79_beginning_is_qualified_by> ?activity_dating_start
229,activity_dating_sometime,activity_dating,?x <http://erlangen-crm.org/170309/P160_has_temporal_projection> ?y4 . ?y4 rdf:type <http://visit.de/ontologies/vismo/Dating> . ?y4 <http://erlangen-crm.org/170309/P82_at_some_time_within> ?activity_dating_sometime
230,activity_refentry_pages,activity_refentry,?x <http://visit.de/ontologies/vismo/referencedByEntry> ?y1 . ?y1 rdf:type <http://visit.de/ontologies/vismo/ReferenceEntry> . ?y1 <http://visit.de/ontologies/vismo/entryPages> ?activity_refentry_pages
231,activity_refentry_in_reference,activity_refentry,?x <http://visit.de/ontologies/vismo/referencedByEntry> ?y2 . ?y2 rdf:type <http://visit.de/ontologies/vismo/ReferenceEntry> . ?y2 <http://visit.de/ontologies/vismo/isEntryIn> ?activity_refentry_in_reference . ?activity_refentry_in_reference rdf:type <http://visit.de/ontologies/vismo/Reference>
232,activity_dr_techmetadata,activity_digitalrepresentation,?x <http://visit.de/ontologies/vismo/hasDigitalRepresentation> ?y1 . ?y1 rdf:type <http://visit.de/ontologies/vismo/DigitalRepresentation> . ?y1 <http://visit.de/ontologies/vismo/technicalMetadata> ?activity_dr_techmetadata
